Model,Validation Accuracy
Custom CNN,0.4124999940395355
MobileNetV2,0.3968749940395355
